Title,Aliases,Description,Genre,Platform,Publisher,Release date,Sales
Minecraft,mc,A sandbox game about building and exploring.,Sandbox,"PC, Xbox, PlayStation, Switch, Mobile",Mojang Studios,"Nov 18, 2011",350 million
Grand Theft Auto V,"gtav, gta v, gta5",An expansive open-world crime action game.,Action-Adventure,"PC, Xbox 360, Xbox One, Xbox Series X/S, PS3, PS4, PS5",Rockstar Games,"Sep 17, 2013",200 million
Fortnite,"fn, fort",A massive 100-player battle royale shooter.,Battle Royale,"PC, Xbox, PlayStation, Switch, Mobile",Epic Games,"Jul 21, 2017",400 million players
PlayerUnknown's Battlegrounds,"pubg, battlegrounds",A realistic battle royale shooter.,Battle Royale,"PC, Xbox, PlayStation, Mobile",KRAFTON,"Dec 20, 2017",75 million
The Elder Scrolls V: Skyrim,"skyrim, tesv",An open-world fantasy RPG.,RPG,"PC, Xbox 360, Xbox One, PS3, PS4, Switch",Bethesda,"Nov 11, 2011",60 million
Red Dead Redemption 2,"rdr2, red dead 2",A Western open-world story about Arthur Morgan.,Action-Adventure,"PC, Xbox One, PS4",Rockstar Games,"Oct 26, 2018",60 million
The Witcher 3: Wild Hunt,"tw3, witcher 3",A story-driven open-world dark fantasy RPG.,RPG,"PC, Xbox One, PS4, Switch",CD Projekt,"May 19, 2015",50 million
Elden Ring,er,An open-world dark fantasy action RPG.,Action RPG,"PC, Xbox One, Xbox Series X/S, PS4, PS5",Bandai Namco,"Feb 25, 2022",30 million
Cyberpunk 2077,"cp2077, cp77",An open-world sci-fi RPG set in Night City.,RPG,"PC, Xbox One, Xbox Series X/S, PS4, PS5",CD Projekt,"Dec 10, 2020",25 million
Call of Duty: Modern Warfare (2019),"cod mw, mw2019",A reboot of the Modern Warfare FPS series.,FPS,"PC, Xbox One, PS4",Activision,"Oct 25, 2019",30 million
Call of Duty: Warzone,"warzone, cod wz",A free-to-play battle royale FPS.,Battle Royale,"PC, Xbox One, Xbox Series X/S, PS4, PS5",Activision,"Mar 10, 2020",125 million players
Apex Legends,apex,A hero-based battle royale shooter.,Battle Royale,"PC, Xbox One, Xbox Series X/S, PS4, PS5, Switch",Electronic Arts,"Feb 4, 2019",100 million players
Valorant,val,A 5v5 tactical hero shooter.,Tactical Shooter,PC,Riot Games,"Jun 2, 2020",30 million players
League of Legends,"lol, league",A fast-paced competitive MOBA.,MOBA,PC,Riot Games,"Oct 27, 2009",180 million players
Dota 2,dota2,A deep team-based MOBA.,MOBA,PC,Valve,"Jul 9, 2013",10 million players
Overwatch,ow,A team-based hero shooter.,Hero Shooter,"PC, Xbox One, PS4, Switch",Blizzard,"May 24, 2016",50 million
Overwatch 2,ow2,A free-to-play evolution of the hero shooter.,Hero Shooter,"PC, Xbox One, Xbox Series X/S, PS4, PS5, Switch",Blizzard,"Oct 4, 2022",35 million players
Counter-Strike 2,"cs2, counter strike 2",A premier competitive tactical FPS.,FPS,PC,Valve,"Sep 27, 2023",Free-to-play
Counter-Strike: Global Offensive,"csgo, counter strike",A competitive tactical FPS.,FPS,PC,Valve,"Aug 21, 2012",40 million
Rainbow Six Siege,"r6s, siege",A tactical FPS focused on destruction and gadgets.,Tactical Shooter,"PC, Xbox One, PS4, PS5, Xbox Series X/S",Ubisoft,"Dec 1, 2015",85 million players
Destiny 2,d2,A sci-fi looter-shooter MMO.,FPS,"PC, Xbox One, Xbox Series X/S, PS4, PS5",Bungie,"Sep 6, 2017",50 million players
Genshin Impact,genshin,An open-world action RPG with gacha.,Action RPG,"PC, PS4, PS5, Mobile",HoYoverse,"Sep 28, 2020",70 million players
Roblox,roblox,An online platform for user-created games.,Platform,"PC, Xbox One, Mobile",Roblox Corporation,"Sep 1, 2006",200 million players
Rocket League,rl,Arcade-style soccer with rocket-powered cars.,Sports,"PC, Xbox, PlayStation, Switch",Psyonix,"Jul 7, 2015",Free-to-play
Among Us,among us,A social deduction party game.,Party,"PC, Mobile, Switch, Xbox, PlayStation",Innersloth,"Jun 15, 2018",500 million players
Fall Guys,fall guys,A chaotic multiplayer party platformer.,Party,"PC, Xbox, PlayStation, Switch",Mediatonic,"Aug 4, 2020",50 million players
Animal Crossing: New Horizons,acnh,A life-sim on a deserted island.,Simulation,Nintendo Switch,Nintendo,"Mar 20, 2020",45 million
Super Smash Bros. Ultimate,ssbu,A crossover fighting game.,Fighting,Nintendo Switch,Nintendo,"Dec 7, 2018",34 million
Mario Kart 8 Deluxe,mk8d,Arcade kart racing with Nintendo characters.,Racing,Nintendo Switch,Nintendo,"Apr 28, 2017",60 million
The Legend of Zelda: Breath of the Wild,botw,An open-world adventure in Hyrule.,Action-Adventure,"Wii U, Nintendo Switch",Nintendo,"Mar 3, 2017",32 million
The Legend of Zelda: Tears of the Kingdom,totk,A sequel expanding Hyrule's open world.,Action-Adventure,Nintendo Switch,Nintendo,"May 12, 2023",20 million
Super Mario Odyssey,smo,A 3D platforming adventure across many kingdoms.,Platformer,Nintendo Switch,Nintendo,"Oct 27, 2017",28 million
Splatoon 3,splatoon3,A colorful team-based ink shooter.,Shooter,Nintendo Switch,Nintendo,"Sep 9, 2022",10 million
Halo 3,halo3,A sci-fi FPS concluding the original trilogy.,FPS,Xbox 360,Microsoft,"Sep 25, 2007",14 million
Halo Infinite,hi,An open-world Halo campaign and multiplayer.,FPS,"Xbox One, Xbox Series X/S, PC",Xbox Game Studios,"Dec 8, 2021",20 million players
Forza Horizon 4,fh4,An open-world racing game set in Britain.,Racing,"Xbox One, Xbox Series X/S, PC",Xbox Game Studios,"Oct 2, 2018",24 million players
Forza Horizon 5,fh5,An open-world racing game set in Mexico.,Racing,"Xbox One, Xbox Series X/S, PC",Xbox Game Studios,"Nov 9, 2021",30 million players
Sea of Thieves,sot,A shared-world pirate adventure.,Action-Adventure,"Xbox One, Xbox Series X/S, PC",Xbox Game Studios,"Mar 20, 2018",35 million players
God of War (2018),gow,A mythological father-son action adventure.,Action-Adventure,"PS4, PC",Sony Interactive Entertainment,"Apr 20, 2018",23 million
God of War Ragnarök,gowr,The conclusion of Kratos' Norse saga.,Action-Adventure,"PS4, PS5",Sony Interactive Entertainment,"Nov 9, 2022",15 million
Marvel's Spider-Man (2018),spiderman,An open-world superhero action game.,Action-Adventure,"PS4, PS5, PC",Sony Interactive Entertainment,"Sep 7, 2018",33 million
Marvel's Spider-Man: Miles Morales,spiderman mm,A standalone Spider-Man adventure.,Action-Adventure,"PS4, PS5, PC",Sony Interactive Entertainment,"Nov 12, 2020",10 million
Horizon Zero Dawn,hzd,An open-world action RPG with robot creatures.,Action RPG,"PS4, PC",Sony Interactive Entertainment,"Feb 28, 2017",24 million
Horizon Forbidden West,hfw,A sequel expanding Aloy's journey.,Action RPG,"PS4, PS5",Sony Interactive Entertainment,"Feb 18, 2022",10 million
The Last of Us Part I,tlou1,A story-driven post-apocalyptic action game.,Action-Adventure,"PS5, PC",Sony Interactive Entertainment,"Sep 2, 2022",Remake of 2013 hit
The Last of Us Part II,tlou2,A brutal tale of revenge and consequence.,Action-Adventure,PS4,Sony Interactive Entertainment,"Jun 19, 2020",10 million
Bloodborne,bb,A gothic action RPG with challenging combat.,Action RPG,PS4,Sony Interactive Entertainment,"Mar 24, 2015",2 million
Demon's Souls (2020),dsr,A remake of the original brutal action RPG.,Action RPG,PS5,Sony Interactive Entertainment,"Nov 12, 2020",2 million
Death Stranding,ds,A narrative-driven open-world courier adventure.,Action-Adventure,"PS4, PS5, PC",Sony Interactive Entertainment,"Nov 8, 2019",10 million
Control,control,A supernatural action-adventure set in the Oldest House.,Action-Adventure,"PC, PS4, PS5, Xbox One, Xbox Series X/S",505 Games,"Aug 27, 2019",4 million
Alan Wake 2,aw2,A survival horror thriller with dual protagonists.,Survival Horror,"PC, PS5, Xbox Series X/S",Epic Games,"Oct 27, 2023",1.3 million
Star Wars Jedi: Fallen Order,jfo,A cinematic action-adventure starring Cal Kestis.,Action-Adventure,"PC, PS4, PS5, Xbox One, Xbox Series X/S",Electronic Arts,"Nov 15, 2019",10 million
Star Wars Jedi: Survivor,js,A sequel expanding Cal’s journey.,Action-Adventure,"PC, PS5, Xbox Series X/S",Electronic Arts,"Apr 28, 2023",5 million
Mass Effect Legendary Edition,mele,Remastered trilogy of the sci-fi RPG classic.,RPG,"PC, PS4, Xbox One",Electronic Arts,"May 14, 2021",2 million
Dragon Age: Inquisition,dai,A fantasy RPG leading the Inquisition.,RPG,"PC, PS4, PS3, Xbox One, Xbox 360",Electronic Arts,"Nov 18, 2014",12 million
Halo Reach,reach,A prequel FPS set before the fall of Reach.,FPS,"Xbox 360, PC",Microsoft,"Sep 14, 2010",9 million
Halo 4,halo4,Master Chief returns in a new trilogy.,FPS,"Xbox 360, Xbox One",Microsoft,"Nov 6, 2012",9 million
Halo 5: Guardians,halo5,A multiplayer-focused sci-fi FPS.,FPS,Xbox One,Microsoft,"Oct 27, 2015",5 million
Forza Motorsport 7,fm7,A simulation racing experience.,Racing,"Xbox One, PC",Xbox Game Studios,"Oct 3, 2017",2 million
Forza Motorsport (2023),fm2023,A next-gen racing simulator reboot.,Racing,"Xbox Series X/S, PC",Xbox Game Studios,"Oct 10, 2023",1 million
State of Decay 2,sod2,A zombie survival base-building game.,Survival,"Xbox One, PC",Xbox Game Studios,"May 22, 2018",10 million players
Grounded,grounded,A survival game where you're the size of an ant.,Survival,"Xbox One, Xbox Series X/S, PC",Xbox Game Studios,"Sep 27, 2022",15 million players
Hi-Fi Rush,hfr,A rhythm-based action game.,Action,"Xbox Series X/S, PC",Bethesda,"Jan 25, 2023",3 million players
Starfield,sf,A space exploration RPG.,RPG,"PC, Xbox Series X/S",Bethesda,"Sep 6, 2023",13 million players
Fallout 4,fo4,A post-apocalyptic open-world RPG.,RPG,"PC, PS4, Xbox One",Bethesda,"Nov 10, 2015",25 million
Fallout 76,fo76,An online multiplayer Fallout experience.,RPG,"PC, PS4, Xbox One",Bethesda,"Nov 14, 2018",13 million players
Doom (2016),doom2016,A fast-paced demon-slaying FPS.,FPS,"PC, PS4, Xbox One, Switch",Bethesda,"May 13, 2016",5 million
Doom Eternal,doom eternal,A sequel with faster combat.,FPS,"PC, PS4, PS5, Xbox One, Xbox Series X/S, Switch",Bethesda,"Mar 20, 2020",3 million
Wolfenstein II: The New Colossus,wolf2,A story-driven FPS against a Nazi regime.,FPS,"PC, PS4, Xbox One, Switch",Bethesda,"Oct 27, 2017",1 million
Prey (2017),prey,A sci-fi immersive sim on a space station.,Action-Adventure,"PC, PS4, Xbox One",Bethesda,"May 5, 2017",1 million
Dishonored 2,dishonored2,A stealth-action immersive sim.,Action-Adventure,"PC, PS4, Xbox One",Bethesda,"Nov 11, 2016",3 million
Resident Evil 7,re7,A first-person survival horror reboot.,Survival Horror,"PC, PS4, Xbox One, Switch",Capcom,"Jan 24, 2017",12 million
Resident Evil Village,re8,A gothic survival horror adventure.,Survival Horror,"PC, PS4, PS5, Xbox One, Xbox Series X/S",Capcom,"May 7, 2021",10 million
Resident Evil 4 Remake,re4r,A modern remake of the classic horror game.,Survival Horror,"PC, PS4, PS5, Xbox Series X/S",Capcom,"Mar 24, 2023",7 million
Monster Hunter: World,mhw,A co-op action RPG hunting giant monsters.,Action RPG,"PC, PS4, Xbox One",Capcom,"Jan 26, 2018",25 million
Monster Hunter Rise,mhr,A portable-style monster hunting RPG.,Action RPG,"Switch, PC, PS4, PS5, Xbox One, Xbox Series X/S",Capcom,"Mar 26, 2021",13 million
Street Fighter 6,sf6,A modern evolution of the fighting series.,Fighting,"PC, PS4, PS5, Xbox Series X/S",Capcom,"Jun 2, 2023",3 million
Tekken 7,tk7,A 3D fighting game with deep mechanics.,Fighting,"PC, PS4, Xbox One",Bandai Namco,"Jun 2, 2017",10 million
Tekken 8,tk8,The newest entry in the Tekken franchise.,Fighting,"PC, PS5, Xbox Series X/S",Bandai Namco,"Jan 26, 2024",2 million
Mortal Kombat 11,mk11,A brutal cinematic fighting game.,Fighting,"PC, PS4, PS5, Xbox One, Xbox Series X/S, Switch",Warner Bros.,"Apr 23, 2019",15 million
Mortal Kombat 1,mk1,A reboot of the MK universe.,Fighting,"PC, PS5, Xbox Series X/S, Switch",Warner Bros.,"Sep 14, 2023",3 million
NBA 2K24,nba2k24,A basketball simulation game.,Sports,"PC, PS4, PS5, Xbox One, Xbox Series X/S, Switch",2K Games,"Sep 8, 2023",Millions
FIFA 23,fifa23,The final EA FIFA-branded football game.,Sports,"PC, PS4, PS5, Xbox One, Xbox Series X/S, Switch",EA Sports,"Sep 27, 2022",10 million+
EA Sports FC 24,fc24,The first entry after the FIFA rebrand.,Sports,"PC, PS4, PS5, Xbox One, Xbox Series X/S, Switch",EA Sports,"Sep 29, 2023",11 million+
Madden NFL 24,madden24,American football simulation.,Sports,"PC, PS4, PS5, Xbox One, Xbox Series X/S",EA Sports,"Aug 18, 2023",Millions
NHL 24,nhl24,Ice hockey simulation.,Sports,"PS4, PS5, Xbox One, Xbox Series X/S",EA Sports,"Oct 6, 2023",Millions
The Sims 4,sims4,A life simulation game.,Simulation,"PC, PS4, Xbox One",Electronic Arts,"Sep 2, 2014",70 million players
Cities: Skylines,cities,A modern city-building simulation.,Simulation,"PC, PS4, Xbox One, Switch",Paradox Interactive,"Mar 10, 2015",12 million
Cities: Skylines II,cities2,A next-gen city-building sim.,Simulation,"PC, PS5, Xbox Series X/S",Paradox Interactive,"Oct 24, 2023",Millions
Stardew Valley,sv,A cozy farming RPG.,Simulation,"PC, Switch, PS4, Xbox One, Mobile",ConcernedApe,"Feb 26, 2016",30 million
Terraria,terra,A 2D sandbox adventure game.,Sandbox,"PC, PS4, Xbox One, Switch, Mobile",Re-Logic,"May 16, 2011",58 million
Hades,hades,A rogue-like dungeon crawler.,Roguelike,"PC, PS4, PS5, Xbox One, Xbox Series X/S, Switch",Supergiant Games,"Sep 17, 2020",1 million
Hades II,hades2,A sequel expanding the rogue-like formula.,Roguelike,PC (Early Access),Supergiant Games,2024,Early Access
Slay the Spire,sts,A deck-building roguelike.,Roguelike,"PC, PS4, Xbox One, Switch, Mobile",MegaCrit,"Jan 23, 2019",1.5 million
Dead Cells,dc,A rogue-lite metroidvania.,Roguelike,"PC, PS4, Xbox One, Switch, Mobile",Motion Twin,"Aug 7, 2018",10 million
Celeste,celeste,A precision platformer about climbing a mountain.,Platformer,"PC, PS4, Xbox One, Switch",Maddy Makes Games,"Jan 25, 2018",1 million
Cuphead,cuphead,A hand-drawn run-and-gun boss rush game.,Platformer,"PC, Xbox One, PS4, Switch",Studio MDHR,"Sep 29, 2017",12 million
Hollow Knight,hk,A hand-drawn metroidvania adventure.,Metroidvania,"PC, PS4, Xbox One, Switch",Team Cherry,"Feb 24, 2017",3 million
Hollow Knight: Silksong,silksong,A highly anticipated metroidvania sequel.,Metroidvania,"PC, Switch, Xbox Series X/S, PS5",Team Cherry,TBA,TBA
Ori and the Blind Forest,ori1,A beautiful platforming adventure.,Platformer,"PC, Xbox One, Switch",Xbox Game Studios,"Mar 11, 2015",3 million
Ori and the Will of the Wisps,ori2,A sequel with refined movement and combat.,Platformer,"PC, Xbox One, Xbox Series X/S, Switch",Xbox Game Studios,"Mar 11, 2020",2 million
Inside,inside,A dark atmospheric puzzle-platformer.,Puzzle-Platformer,"PC, PS4, Xbox One, Switch",Playdead,"Jun 29, 2016",1 million
Limbo,limbo,A monochrome puzzle-platformer.,Puzzle-Platformer,"PC, PS4, Xbox One, Switch, Mobile",Playdead,"Jul 21, 2010",3 million
Little Nightmares,ln,A horror-themed puzzle-platformer.,Horror,"PC, PS4, Xbox One, Switch",Bandai Namco,"Apr 28, 2017",3 million
Little Nightmares II,ln2,A sequel expanding the eerie world.,Horror,"PC, PS4, PS5, Xbox One, Xbox Series X/S, Switch",Bandai Namco,"Feb 11, 2021",2 million
Inside the Backrooms,itb,A co-op horror escape game.,Horror,PC,MrFatcat,"Jun 20, 2022",Millions
Phasmophobia,phasm,A co-op ghost-hunting horror game.,Horror,PC,Kinetic Games,"Sep 18, 2020",10 million
The Forest,forest,A survival horror crafting game.,Survival,"PC, PS4",Endnight Games,"Apr 30, 2018",5 million
Sons of the Forest,soTF,A sequel expanding the survival horror formula.,Survival,PC,Endnight Games,"Feb 23, 2023",5 million
Rust,rust,A multiplayer survival crafting game.,Survival,"PC, PS4, Xbox One",Facepunch Studios,"Dec 11, 2013",12 million
Ark: Survival Evolved,ark,A dinosaur survival crafting game.,Survival,"PC, PS4, Xbox One, Switch",Studio Wildcard,"Aug 29, 2017",20 million
Ark: Survival Ascended,arksa,A next-gen remake of Ark.,Survival,"PC, Xbox Series X/S, PS5",Studio Wildcard,"Oct 25, 2023",Millions
DayZ,dayz,A hardcore open-world survival game.,Survival,"PC, PS4, Xbox One",Bohemia Interactive,"Dec 13, 2018",6 million
Escape from Tarkov,eft,A realistic extraction shooter.,Shooter,PC,Battlestate Games,Jul 2017 (Beta),Millions
The Division,division,A looter-shooter set in a collapsed NYC.,Shooter,"PC, PS4, Xbox One",Ubisoft,"Mar 8, 2016",10 million
The Division 2,division2,A sequel set in Washington D.C.,Shooter,"PC, PS4, Xbox One",Ubisoft,"Mar 15, 2019",10 million
Ghost Recon Wildlands,wildlands,A tactical open-world shooter.,Shooter,"PC, PS4, Xbox One",Ubisoft,"Mar 7, 2017",10 million
Ghost Recon Breakpoint,breakpoint,A tactical shooter sequel.,Shooter,"PC, PS4, Xbox One",Ubisoft,"Oct 4, 2019",Millions
Far Cry 3,fc3,A tropical open-world FPS.,FPS,"PC, PS3, PS4, Xbox 360, Xbox One",Ubisoft,"Nov 29, 2012",10 million
Far Cry 4,fc4,A Himalayan open-world FPS.,FPS,"PC, PS3, PS4, Xbox 360, Xbox One",Ubisoft,"Nov 18, 2014",8 million
Far Cry 5,fc5,A Montana-set open-world FPS.,FPS,"PC, PS4, Xbox One",Ubisoft,"Mar 27, 2018",10 million
Far Cry 6,fc6,A Caribbean revolution-themed FPS.,FPS,"PC, PS4, PS5, Xbox One, Xbox Series X/S",Ubisoft,"Oct 7, 2021",Millions
Assassin's Creed II,ac2,A Renaissance-era stealth-action adventure.,Action-Adventure,"PC, PS3, PS4, Xbox 360, Xbox One",Ubisoft,"Nov 17, 2009",10 million
Assassin's Creed IV: Black Flag,ac4,A pirate-themed open-world adventure.,Action-Adventure,"PC, PS3, PS4, Xbox 360, Xbox One, Switch",Ubisoft,"Oct 29, 2013",15 million
Assassin's Creed Origins,aco,An open-world RPG set in Ancient Egypt.,Action RPG,"PC, PS4, Xbox One",Ubisoft,"Oct 27, 2017",10 million
Assassin's Creed Odyssey,aco2,A Greek open-world RPG.,Action RPG,"PC, PS4, Xbox One, Switch (Cloud)",Ubisoft,"Oct 5, 2018",10 million
Assassin's Creed Valhalla,acv,A Viking open-world RPG.,Action RPG,"PC, PS4, PS5, Xbox One, Xbox Series X/S",Ubisoft,"Nov 10, 2020",20 million
Watch Dogs,wd,A hacking-focused open-world action game.,Action-Adventure,"PC, PS3, PS4, Xbox 360, Xbox One",Ubisoft,"May 27, 2014",10 million
Watch Dogs 2,wd2,A vibrant open-world hacking adventure.,Action-Adventure,"PC, PS4, Xbox One",Ubisoft,"Nov 15, 2016",10 million
Watch Dogs Legion,wdl,A futuristic London open-world game.,Action-Adventure,"PC, PS4, PS5, Xbox One, Xbox Series X/S",Ubisoft,"Oct 29, 2020",Millions
Middle-earth: Shadow of Mordor,mordor,A nemesis-system action game.,Action-Adventure,"PC, PS4, Xbox One",Warner Bros.,"Sep 30, 2014",5 million
Middle-earth: Shadow of War,sow,A sequel expanding the nemesis system.,Action-Adventure,"PC, PS4, Xbox One",Warner Bros.,"Oct 10, 2017",3 million
Batman: Arkham Asylum,arkham1,A dark superhero action game.,Action-Adventure,"PC, PS3, PS4, Xbox 360, Xbox One",Rocksteady,"Aug 25, 2009",10 million
Batman: Arkham City,arkham2,A larger open-world Batman adventure.,Action-Adventure,"PC, PS3, PS4, Xbox 360, Xbox One",Rocksteady,"Oct 18, 2011",12 million
Batman: Arkham Knight,arkham3,A next-gen Batman action game.,Action-Adventure,"PC, PS4, Xbox One",Rocksteady,"Jun 23, 2015",7 million
Injustice 2,injustice2,A superhero fighting game.,Fighting,"PC, PS4, Xbox One",Warner Bros.,"May 16, 2017",2 million
Shadow of the Tomb Raider,sotr,A cinematic action-adventure.,Action-Adventure,"PC, PS4, Xbox One",Square Enix,"Sep 14, 2018",4 million
Rise of the Tomb Raider,rottr,A Siberian expedition adventure.,Action-Adventure,"PC, PS4, Xbox One, Xbox 360",Square Enix,"Nov 10, 2015",7 million
Tomb Raider (2013),tr2013,A reboot of the classic franchise.,Action-Adventure,"PC, PS3, PS4, Xbox 360, Xbox One",Square Enix,"Mar 5, 2013",14 million
Final Fantasy XV,ff15,A road-trip fantasy RPG.,RPG,"PC, PS4, Xbox One",Square Enix,"Nov 29, 2016",10 million
Final Fantasy VII Remake,ff7r,A modern retelling of the classic RPG.,RPG,"PS4, PS5, PC",Square Enix,"Apr 10, 2020",7 million
Final Fantasy XVI,ff16,A dark medieval action RPG.,Action RPG,PS5,Square Enix,"Jun 22, 2023",3 million
Kingdom Hearts III,kh3,A Disney–Square crossover action RPG.,Action RPG,"PS4, Xbox One",Square Enix,"Jan 29, 2019",5 million
Nier: Automata,nier,A philosophical action RPG.,Action RPG,"PC, PS4, Xbox One, Switch",Square Enix,"Feb 23, 2017",7 million
Nier Replicant ver.1.22,nierrep,A remaster of the cult classic.,Action RPG,"PC, PS4, Xbox One",Square Enix,"Apr 23, 2021",1 million
Persona 5 Royal,p5r,A definitive edition of the acclaimed JRPG.,JRPG,"PS4, PS5, Xbox One, Xbox Series X/S, Switch, PC",Atlus,"Oct 31, 2019",4 million
Persona 4 Golden,p4g,A beloved JRPG about friendship and mystery.,JRPG,"PC, PS Vita, PS4, Xbox One, Xbox Series X/S, Switch",Atlus,"Jun 14, 2012",2.5 million
Persona 3 Reload,p3r,A modern remake of the classic JRPG.,JRPG,"PC, PS4, PS5, Xbox One, Xbox Series X/S",Atlus,"Feb 2, 2024",1 million
Yakuza 0,y0,A crime drama action-adventure set in 1980s Japan.,Action-Adventure,"PC, PS4, Xbox One",SEGA,"Mar 12, 2015",3 million
Yakuza: Like a Dragon,ylad,A turn-based RPG entry in the Yakuza series.,RPG,"PC, PS4, PS5, Xbox One, Xbox Series X/S",SEGA,"Nov 10, 2020",1.8 million
Judgment,judgment,A detective action-adventure in Kamurocho.,Action-Adventure,"PS4, PS5, Xbox Series X/S, PC",SEGA,"Dec 13, 2018",1 million
Lost Judgment,lj,A sequel expanding the detective narrative.,Action-Adventure,"PS4, PS5, Xbox Series X/S, PC",SEGA,"Sep 24, 2021",1 million
Like a Dragon: Infinite Wealth,lad8,A massive RPG set across Japan and Hawaii.,RPG,"PC, PS4, PS5, Xbox One, Xbox Series X/S",SEGA,"Jan 26, 2024",1 million
Sonic Frontiers,sonicf,A semi-open-world Sonic adventure.,Action,"PC, PS4, PS5, Xbox One, Xbox Series X/S, Switch",SEGA,"Nov 8, 2022",3 million
Sonic Mania,sonicm,A retro-inspired 2D Sonic platformer.,Platformer,"PC, PS4, Xbox One, Switch",SEGA,"Aug 15, 2017",1 million
Bayonetta 2,bayo2,A stylish action game.,Action,"Wii U, Switch",Nintendo,"Sep 20, 2014",1 million
Bayonetta 3,bayo3,A multiverse-spanning action adventure.,Action,Switch,Nintendo,"Oct 28, 2022",1 million
Metroid Prime Remastered,mpr,A remaster of the classic first-person adventure.,Action-Adventure,Switch,Nintendo,"Feb 8, 2023",Millions
Metroid Dread,mdread,A fast-paced 2D Metroid adventure.,Action-Adventure,Switch,Nintendo,"Oct 8, 2021",3 million
Fire Emblem: Three Houses,fe3h,A tactical RPG with branching story paths.,Tactical RPG,Switch,Nintendo,"Jul 26, 2019",3 million
Fire Emblem Engage,feengage,A tactical RPG with hero summoning.,Tactical RPG,Switch,Nintendo,"Jan 20, 2023",1.5 million
Xenoblade Chronicles 2,xc2,A massive JRPG with deep combat.,JRPG,Switch,Nintendo,"Dec 1, 2017",2.5 million
Xenoblade Chronicles 3,xc3,A story-rich JRPG.,JRPG,Switch,Nintendo,"Jul 29, 2022",1.8 million
Splatoon 2,splatoon2,A colorful team-based shooter.,Shooter,Switch,Nintendo,"Jul 21, 2017",13 million
Luigi’s Mansion 3,lm3,A charming ghost-hunting adventure.,Action-Adventure,Switch,Nintendo,"Oct 31, 2019",12 million
Pokémon Sword and Shield,pokemonswsh,Mainline Pokémon RPGs set in Galar.,RPG,Switch,Nintendo,"Nov 15, 2019",26 million
Pokémon Scarlet and Violet,pokemonsv,Open-world Pokémon RPGs.,RPG,Switch,Nintendo,"Nov 18, 2022",24 million
Pokémon Legends: Arceus,pla,A semi-open-world Pokémon adventure.,RPG,Switch,Nintendo,"Jan 28, 2022",14 million
Super Mario 3D World + Bowser’s Fury,sm3dwbf,A remaster with an open-world expansion.,Platformer,Switch,Nintendo,"Feb 12, 2021",12 million
Kirby and the Forgotten Land,kirbyfl,A 3D Kirby adventure.,Platformer,Switch,Nintendo,"Mar 25, 2022",6 million
Returnal,returnal,A roguelike sci-fi shooter.,Roguelike,"PS5, PC",Sony Interactive Entertainment,"Apr 30, 2021",1 million
Ratchet & Clank: Rift Apart,racra,A dimension-hopping action platformer.,Action-Adventure,"PS5, PC",Sony Interactive Entertainment,"Jun 11, 2021",1.5 million
Gran Turismo 7,gt7,A realistic racing simulator.,Racing,"PS4, PS5",Sony Interactive Entertainment,"Mar 4, 2022",5 million
Gran Turismo Sport,gts,A competitive online-focused racer.,Racing,PS4,Sony Interactive Entertainment,"Oct 17, 2017",8 million
Uncharted 4: A Thief’s End,uc4,A cinematic treasure-hunting adventure.,Action-Adventure,"PS4, PC",Sony Interactive Entertainment,"May 10, 2016",16 million
Uncharted: The Lost Legacy,ucll,A standalone Uncharted adventure.,Action-Adventure,"PS4, PC",Sony Interactive Entertainment,"Aug 22, 2017",2 million
Ghost of Tsushima,got,A samurai open-world action game.,Action-Adventure,"PS4, PS5",Sony Interactive Entertainment,"Jul 17, 2020",10 million
Ghost of Tsushima: Director’s Cut,gotdc,Expanded edition with Iki Island.,Action-Adventure,"PS4, PS5",Sony Interactive Entertainment,"Aug 20, 2021",Millions
Deathloop,deathloop,A time-looping FPS.,FPS,"PC, PS5, Xbox Series X/S",Bethesda,"Sep 14, 2021",5 million players
The Evil Within,tew,A survival horror game.,Survival Horror,"PC, PS4, Xbox One",Bethesda,"Oct 14, 2014",3 million
The Evil Within 2,tew2,A sequel with open-ended levels.,Survival Horror,"PC, PS4, Xbox One",Bethesda,"Oct 13, 2017",2 million
The Callisto Protocol,tcp,A sci-fi survival horror game.,Survival Horror,"PC, PS4, PS5, Xbox One, Xbox Series X/S",Krafton,"Dec 2, 2022",2 million
Dead Space Remake,dsr2023,A remake of the sci-fi horror classic.,Survival Horror,"PC, PS5, Xbox Series X/S",Electronic Arts,"Jan 27, 2023",2 million
Star Wars Battlefront II (2017),bf2,A large-scale multiplayer shooter.,Shooter,"PC, PS4, Xbox One",Electronic Arts,"Nov 17, 2017",33 million
Battlefield 1,bf1,A WWI-themed FPS.,FPS,"PC, PS4, Xbox One",Electronic Arts,"Oct 21, 2016",15 million
Battlefield V,bfv,A WWII-themed FPS.,FPS,"PC, PS4, Xbox One",Electronic Arts,"Nov 20, 2018",7 million
Battlefield 2042,bf2042,A large-scale futuristic FPS.,FPS,"PC, PS4, PS5, Xbox One, Xbox Series X/S",Electronic Arts,"Nov 19, 2021",Millions
Titanfall 2,tf2,A fast-paced mech FPS.,FPS,"PC, PS4, Xbox One",Electronic Arts,"Oct 28, 2016",10 million
A Way Out,awo,A co-op cinematic adventure.,Co-op,"PC, PS4, Xbox One",Electronic Arts,"Mar 23, 2018",3 million
It Takes Two,itt,A co-op action-adventure.,Co-op,"PC, PS4, PS5, Xbox One, Xbox Series X/S, Switch",Electronic Arts,"Mar 26, 2021",16 million
The Outer Worlds,outerworlds,A sci-fi RPG from Obsidian.,RPG,"PC, PS4, Xbox One, Switch",Private Division,"Oct 25, 2019",4 million
The Outer Worlds: Spacer’s Choice Edition,owsce,Enhanced next-gen version.,RPG,"PC, PS5, Xbox Series X/S",Private Division,"Mar 7, 2023",Thousands
Pillars of Eternity II: Deadfire,poe2,A deep isometric RPG.,RPG,"PC, PS4, Xbox One, Switch",Obsidian,"May 8, 2018",1 million
Wasteland 2,w2,A post-apocalyptic tactical RPG.,Tactical RPG,"PC, PS4, Xbox One, Switch",Deep Silver,"Sep 19, 2014",1 million
Wasteland 3,w3,A squad-based RPG set in frozen Colorado.,Tactical RPG,"PC, PS4, Xbox One",Deep Silver,"Aug 28, 2020",2 million
Divinity: Original Sin,doS,A deep turn-based fantasy RPG.,RPG,"PC, PS4, Xbox One",Larian Studios,"Jun 30, 2014",2 million
Divinity: Original Sin 2,doS2,A critically acclaimed turn-based RPG.,RPG,"PC, PS4, Xbox One, Switch",Larian Studios,"Sep 14, 2017",7 million
Baldur’s Gate 3,bg3,A massive D&D-based RPG.,RPG,"PC, PS5, Xbox Series X/S",Larian Studios,"Aug 3, 2023",15 million
Pathfinder: Kingmaker,pkm,A classic-style CRPG.,RPG,"PC, PS4, Xbox One, Switch",Owlcat Games,"Sep 25, 2018",1 million
Pathfinder: Wrath of the Righteous,pwotr,A large-scale CRPG with mythic paths.,RPG,"PC, PS4, PS5, Xbox One, Xbox Series X/S, Switch",Owlcat Games,"Sep 2, 2021",1 million
Diablo III,diablo3,A loot-driven action RPG.,Action RPG,"PC, PS3, PS4, Xbox 360, Xbox One, Switch",Blizzard,"May 15, 2012",30 million
Diablo IV,diablo4,A dark open-world action RPG.,Action RPG,"PC, PS4, PS5, Xbox One, Xbox Series X/S",Blizzard,"Jun 5, 2023",12 million
Path of Exile,poe,A deep free-to-play action RPG.,Action RPG,"PC, PS4, PS5, Xbox One, Xbox Series X/S",Grinding Gear Games,"Oct 23, 2013",Millions
Path of Exile 2,poe2,A next-gen evolution of the ARPG.,Action RPG,"PC, PS5, Xbox Series X/S",Grinding Gear Games,2024 (Early Access),Millions
Torchlight II,tl2,A colorful action RPG.,Action RPG,"PC, PS4, Xbox One, Switch",Perfect World,"Sep 20, 2012",3 million
Torchlight III,tl3,A lighter ARPG experience.,Action RPG,"PC, PS4, Xbox One, Switch",Perfect World,"Oct 13, 2020",Millions
Grim Dawn,gd,A dark fantasy ARPG.,Action RPG,"PC, Xbox One",Crate Entertainment,"Feb 25, 2016",7 million
Remnant: From the Ashes,remnant1,A co-op soulslike shooter.,Action,"PC, PS4, Xbox One, Switch",Gearbox,"Aug 20, 2019",3 million
Remnant II,remnant2,A sequel with procedural worlds.,Action,"PC, PS5, Xbox Series X/S",Gearbox,"Jul 25, 2023",2 million
Dark Souls,ds1,A challenging dark fantasy action RPG.,Action RPG,"PC, PS3, PS4, Xbox 360, Xbox One, Switch",Bandai Namco,"Sep 22, 2011",10 million
Dark Souls II,ds2,A sequel with new mechanics.,Action RPG,"PC, PS3, PS4, Xbox 360, Xbox One",Bandai Namco,"Mar 11, 2014",8 million
Dark Souls III,ds3,A refined finale to the trilogy.,Action RPG,"PC, PS4, Xbox One",Bandai Namco,"Mar 24, 2016",10 million
Sekiro: Shadows Die Twice,sekiro,A stealth-action samurai adventure.,Action-Adventure,"PC, PS4, Xbox One",Activision,"Mar 22, 2019",10 million
Nioh,nioh,A fast-paced samurai action RPG.,Action RPG,"PC, PS4",Koei Tecmo,"Feb 7, 2017",3 million
Nioh 2,nioh2,A deeper sequel with yokai powers.,Action RPG,"PC, PS4, PS5",Koei Tecmo,"Mar 13, 2020",2.5 million
Wo Long: Fallen Dynasty,wolong,A Three Kingdoms action RPG.,Action RPG,"PC, PS4, PS5, Xbox One, Xbox Series X/S",Koei Tecmo,"Mar 3, 2023",1 million
Code Vein,codevein,An anime-inspired soulslike.,Action RPG,"PC, PS4, Xbox One",Bandai Namco,"Sep 27, 2019",2 million
Lies of P,liesofp,A Pinocchio-inspired soulslike.,Action RPG,"PC, PS4, PS5, Xbox One, Xbox Series X/S",Neowiz,"Sep 19, 2023",1 million
The Surge,thesurge,A sci-fi soulslike.,Action RPG,"PC, PS4, Xbox One",Focus Entertainment,"May 16, 2017",1 million
The Surge 2,thesurge2,A sequel with expanded combat.,Action RPG,"PC, PS4, Xbox One",Focus Entertainment,"Sep 24, 2019",1 million
Hunt: Showdown,hunt,A PvPvE bounty-hunting shooter.,Shooter,"PC, PS4, PS5, Xbox One, Xbox Series X/S",Crytek,"Aug 27, 2019",5 million
Warframe,warframe,A free-to-play sci-fi action game.,Action,"PC, PS4, PS5, Xbox One, Xbox Series X/S, Switch",Digital Extremes,"Mar 25, 2013",70 million players
Destiny,destiny1,A sci-fi shared-world shooter.,FPS,"PS3, PS4, Xbox 360, Xbox One",Bungie,"Sep 9, 2014",20 million
Anthem,anthem,A sci-fi looter-shooter.,Action,"PC, PS4, Xbox One",Electronic Arts,"Feb 22, 2019",Millions
Outriders,outriders,A co-op looter-shooter.,Shooter,"PC, PS4, PS5, Xbox One, Xbox Series X/S",Square Enix,"Apr 1, 2021",3.5 million
Remedy’s Quantum Break,quantumbreak,A time-manipulation action game.,Action-Adventure,"PC, Xbox One",Microsoft,"Apr 5, 2016",Millions
Crackdown 3,crackdown3,A superpowered open-world action game.,Action,"PC, Xbox One",Microsoft,"Feb 15, 2019",Millions
Sunset Overdrive,so,A chaotic open-world shooter.,Action,"PC, Xbox One",Microsoft,"Oct 28, 2014",1 million
ReCore,recore,A sci-fi action-adventure.,Action-Adventure,"PC, Xbox One",Microsoft,"Sep 13, 2016",Millions
Quantum Error,qe,A sci-fi horror FPS.,Horror,"PS5, Xbox Series X/S",TeamKill Media,"Nov 3, 2023",Thousands
The Medium,medium,A dual-reality psychological horror game.,Horror,"PC, Xbox Series X/S, PS5",Bloober Team,"Jan 28, 2021",Millions
Layers of Fear (2023),lof2023,A remake of the psychological horror series.,Horror,"PC, PS5, Xbox Series X/S",Bloober Team,"Jun 15, 2023",Thousands
Alan Wake Remastered,awrem,A remaster of the cult thriller.,Action-Adventure,"PC, PS4, PS5, Xbox One, Xbox Series X/S, Switch",Epic Games,"Oct 5, 2021",Millions
Control: Ultimate Edition,controlue,Enhanced edition with DLC.,Action-Adventure,"PC, PS4, PS5, Xbox One, Xbox Series X/S",505 Games,"Feb 2, 2021",Millions
Metro 2033 Redux,metro2033,A post-apocalyptic FPS.,FPS,"PC, PS4, Xbox One, Switch",Deep Silver,"Aug 26, 2014",Millions
Metro Last Light Redux,metroll,A sequel set in Moscow’s ruins.,FPS,"PC, PS4, Xbox One, Switch",Deep Silver,"Aug 26, 2014",Millions
Metro Exodus,metroex,A story-driven survival FPS.,FPS,"PC, PS4, PS5, Xbox One, Xbox Series X/S",Deep Silver,"Feb 15, 2019",6 million
S.T.A.L.K.E.R. 2: Heart of Chornobyl,stalker2,A survival FPS set in the Zone.,FPS,"PC, Xbox Series X/S",GSC Game World,2024,TBA
Payday 2,payday2,A co-op heist shooter.,Shooter,"PC, PS4, Xbox One, Switch",Starbreeze,"Aug 13, 2013",40 million
Payday 3,payday3,A next-gen co-op heist shooter.,Shooter,"PC, PS5, Xbox Series X/S",Starbreeze,"Sep 21, 2023",Millions
Left 4 Dead,l4d,A co-op zombie survival shooter.,Shooter,"PC, Xbox 360",Valve,"Nov 17, 2008",12 million
Left 4 Dead 2,l4d2,A faster  expanded co-op zombie shooter.,Shooter,"PC, Xbox 360",Valve,"Nov 17, 2009",14 million
Back 4 Blood,b4b,A spiritual successor to Left 4 Dead.,Shooter,"PC, PS4, PS5, Xbox One, Xbox Series X/S",Warner Bros.,"Oct 12, 2021",Millions
Deep Rock Galactic,drg,A co-op mining shooter with space dwarves.,Co-op,"PC, PS4, PS5, Xbox One, Xbox Series X/S",Coffee Stain,"May 13, 2020",8 million
GTFO,gtfo,A hardcore co-op extraction shooter.,Co-op,PC,10 Chambers,"Dec 9, 2021",Millions
Warhammer: Vermintide 2,vt2,A co-op melee action game.,Action,"PC, PS4, Xbox One",Fatshark,"Mar 8, 2018",5 million
Warhammer 40K: Darktide,darktide,A co-op sci-fi action game.,Action,"PC, Xbox Series X/S",Fatshark,"Nov 30, 2022",Millions
Helldivers,helldivers,A top-down co-op shooter.,Shooter,"PC, PS3, PS4, PS5",Sony Interactive Entertainment,"Mar 3, 2015",Millions
Helldivers 2,helldivers2,A third-person co-op shooter.,Shooter,"PC, PS5",Sony Interactive Entertainment,"Feb 8, 2024",12 million
Killing Floor 2,kf2,A co-op wave-based shooter.,Shooter,"PC, PS4, Xbox One",Tripwire,"Nov 18, 2016",10 million
Borderlands,borderlands1,A loot-driven co-op FPS.,Shooter,"PC, PS3, PS4, Xbox 360, Xbox One",2K Games,"Oct 20, 2009",4 million
Borderlands 2,borderlands2,A humorous loot-shooter.,Shooter,"PC, PS3, PS4, Xbox 360, Xbox One, Switch",2K Games,"Sep 18, 2012",22 million
Borderlands 3,borderlands3,A modern loot-shooter.,Shooter,"PC, PS4, PS5, Xbox One, Xbox Series X/S",2K Games,"Sep 13, 2019",15 million
Tiny Tina’s Wonderlands,ttw,A fantasy-themed Borderlands spin-off.,Shooter,"PC, PS4, PS5, Xbox One, Xbox Series X/S",2K Games,"Mar 25, 2022",Millions
Rage 2,rage2,A chaotic open-world shooter.,Shooter,"PC, PS4, Xbox One",Bethesda,"May 14, 2019",Millions
Just Cause 3,jc3,A destruction-focused open-world game.,Action,"PC, PS4, Xbox One",Square Enix,"Dec 1, 2015",6 million
Just Cause 4,jc4,A sequel with extreme weather systems.,Action,"PC, PS4, Xbox One",Square Enix,"Dec 4, 2018",Millions
Mad Max,madmax,A vehicular open-world action game.,Action,"PC, PS4, Xbox One",Warner Bros.,"Sep 1, 2015",5 million
Rage,rage1,A post-apocalyptic shooter.,Shooter,"PC, PS3, Xbox 360",Bethesda,"Oct 4, 2011",2 million
Homefront: The Revolution,hftr,A guerrilla FPS.,Shooter,"PC, PS4, Xbox One",Deep Silver,"May 17, 2016",Millions
Sniper Elite 4,se4,A tactical sniping shooter.,Shooter,"PC, PS4, Xbox One, Switch",Rebellion,"Feb 14, 2017",Millions
Sniper Elite 5,se5,A refined sniping action game.,Shooter,"PC, PS4, PS5, Xbox One, Xbox Series X/S",Rebellion,"May 26, 2022",Millions
Hitman (2016),hitman1,A stealth assassination sandbox.,Stealth,"PC, PS4, Xbox One",IO Interactive,"Mar 11, 2016",Millions
Hitman 2 (2018),hitman2,A larger assassination sandbox.,Stealth,"PC, PS4, Xbox One",IO Interactive,"Nov 13, 2018",Millions
Hitman 3 (World of Assassination),hitman3,A refined stealth assassination experience.,Stealth,"PC, PS4, PS5, Xbox One, Xbox Series X/S, Switch",IO Interactive,"Jan 20, 2021",Millions
Dishonored,dishonored1,A stealth-action immersive sim.,Stealth,"PC, PS3, PS4, Xbox 360, Xbox One",Bethesda,"Oct 9, 2012",4 million
Thief (2014),thief2014,A stealth reboot of the classic series.,Stealth,"PC, PS3, PS4, Xbox 360, Xbox One",Square Enix,"Feb 25, 2014",Millions
Alien: Isolation,alieniso,A survival horror stealth game.,Horror,"PC, PS3, PS4, Xbox 360, Xbox One, Switch",SEGA,"Oct 7, 2014",3 million
The Last Guardian,tlg,A cinematic adventure with a giant creature companion.,Adventure,PS4,Sony Interactive Entertainment,"Dec 6, 2016",1 million
Journey,journey,A minimalist emotional adventure.,Adventure,"PC, PS3, PS4",Sony Interactive Entertainment,"Mar 13, 2012",Millions
Abzû,abzu,An underwater exploration adventure.,Adventure,"PC, PS4, Xbox One, Switch",505 Games,"Aug 2, 2016",Millions
Firewatch,firewatch,A narrative-driven mystery adventure.,Adventure,"PC, PS4, Xbox One, Switch",Panic,"Feb 9, 2016",2 million
What Remains of Edith Finch,wref,A narrative exploration game.,Adventure,"PC, PS4, Xbox One, Switch",Annapurna,"Apr 25, 2017",Millions
Outer Wilds,outerwilds,A time-loop space exploration adventure.,Adventure,"PC, PS4, PS5, Xbox One, Xbox Series X/S, Switch",Annapurna,"May 28, 2019",Millions
The Witness,witness,A first-person puzzle exploration game.,Puzzle,"PC, PS4, Xbox One, Switch",Thekla,"Jan 26, 2016",Millions
The Talos Principle,talos,A philosophical first-person puzzle game.,Puzzle,"PC, PS4, Xbox One, Switch",Devolver Digital,"Dec 11, 2014",Millions
The Talos Principle II,talos2,A sequel expanding the puzzle narrative.,Puzzle,"PC, PS5, Xbox Series X/S",Devolver Digital,"Nov 2, 2023",Thousands
Portal,portal1,A physics-based puzzle game.,Puzzle,"PC, PS3, Xbox 360, Switch",Valve,"Oct 10, 2007",13 million
Portal 2,portal2,A co-op and single-player puzzle adventure.,Puzzle,"PC, PS3, Xbox 360, Switch",Valve,"Apr 19, 2011",12 million
Superliminal,superliminal,A perspective-based puzzle game.,Puzzle,"PC, PS4, PS5, Xbox One, Xbox Series X/S, Switch",Pillow Castle,"Nov 12, 2019",Millions
Human: Fall Flat,hff,A physics-based puzzle platformer.,Puzzle,"PC, PS4, PS5, Xbox One, Xbox Series X/S, Switch, Mobile",Curve Games,"Jul 22, 2016",45 million
Gang Beasts,gangbeasts,A goofy physics brawler.,Party,"PC, PS4, Xbox One, Switch",Boneloaf,"Dec 12, 2017",Millions
Totally Accurate Battle Simulator,tabs,A physics-based battle simulation game.,Simulation,"PC, Xbox One, Xbox Series X/S, Switch",Landfall,"Apr 1, 2021",Millions
Teardown,teardown,A voxel-based destruction sandbox.,Sandbox,"PC, PS5, Xbox Series X/S",Tuxedo Labs,"Apr 21, 2022",Millions
Satisfactory,satisfactory,A first-person factory-building game.,Simulation,PC,Coffee Stain,"Mar 19, 2019",Millions
Factorio,factorio,A deep automation and factory-building game.,Simulation,"PC, Switch",Wube Software,"Aug 14, 2020",3.5 million
Oxygen Not Included,oni,A space-colony simulation game.,Simulation,PC,Klei Entertainment,"Jul 30, 2019",Millions
RimWorld,rimworld,A colony simulation with emergent storytelling.,Simulation,"PC, PS4, Xbox One",Ludeon Studios,"Oct 17, 2018",2 million
Banished,banished,A medieval survival city-builder.,Simulation,PC,Shining Rock,"Feb 18, 2014",Millions
Frostpunk,frostpunk,A survival city-building strategy game.,Strategy,"PC, PS4, Xbox One",11 bit studios,"Apr 24, 2018",3 million
Frostpunk 2,frostpunk2,A sequel expanding the frozen world.,Strategy,PC,11 bit studios,2024,TBA
Crusader Kings III,ck3,A grand strategy dynasty simulator.,Strategy,"PC, PS5, Xbox Series X/S",Paradox Interactive,"Sep 1, 2020",3 million
Crusader Kings II,ck2,A medieval dynasty strategy game.,Strategy,PC,Paradox Interactive,"Feb 14, 2012",Millions
Europa Universalis IV,eu4,A deep grand strategy empire builder.,Strategy,PC,Paradox Interactive,"Aug 13, 2013",3 million
Hearts of Iron IV,hoi4,A WWII grand strategy game.,Strategy,PC,Paradox Interactive,"Jun 6, 2016",3 million
Stellaris,stellaris,A space grand strategy game.,Strategy,"PC, PS4, Xbox One",Paradox Interactive,"May 9, 2016",3 million
Total War: Warhammer,totalwarwh1,A fantasy strategy game.,Strategy,PC,SEGA,"May 24, 2016",2 million
Total War: Warhammer II,totalwarwh2,A sequel with multiple campaigns.,Strategy,PC,SEGA,"Sep 28, 2017",3 million
Total War: Warhammer III,totalwarwh3,A massive fantasy strategy finale.,Strategy,PC,SEGA,"Feb 17, 2022",Millions
Total War: Three Kingdoms,tw3k,A strategy game set in ancient China.,Strategy,PC,SEGA,"May 23, 2019",1 million
Total War: Rome II,rome2,A grand strategy set in ancient Rome.,Strategy,PC,SEGA,"Sep 3, 2013",1 million
Age of Empires II: Definitive Edition,aoe2de,A remaster of the classic RTS.,RTS,"PC, Xbox One, Xbox Series X/S",Xbox Game Studios,"Nov 14, 2019",Millions
Age of Empires IV,aoe4,A modern RTS entry.,RTS,"PC, Xbox Series X/S",Xbox Game Studios,"Oct 28, 2021",Millions
StarCraft II,sc2,A competitive sci-fi RTS.,RTS,PC,Blizzard,"Jul 27, 2010",6 million
Company of Heroes 2,coh2,A WWII real-time strategy game.,RTS,PC,SEGA,"Jun 25, 2013",Millions
Company of Heroes 3,coh3,A Mediterranean WWII RTS.,RTS,"PC, PS5, Xbox Series X/S",SEGA,"Feb 23, 2023",Thousands
F1 23,f123,A realistic Formula 1 racing simulation.,Racing,"PC, PS4, PS5, Xbox One, Xbox Series X/S",EA Sports,"Jun 16, 2023",Millions
F1 22,f122,A Formula 1 racing game.,Racing,"PC, PS4, PS5, Xbox One, Xbox Series X/S",EA Sports,"Jun 28, 2022",Millions
Gran Turismo 6,gt6,A realistic racing simulator.,Racing,PS3,Sony Interactive Entertainment,"Dec 6, 2013",5 million
Need for Speed Heat,nfsheat,A street racing action game.,Racing,"PC, PS4, Xbox One",Electronic Arts,"Nov 8, 2019",Millions
Need for Speed Unbound,nfsunbound,A stylized street racing game.,Racing,"PC, PS5, Xbox Series X/S",Electronic Arts,"Dec 2, 2022",Millions
The Crew 2,crew2,A large open-world racing game.,Racing,"PC, PS4, Xbox One",Ubisoft,"Jun 29, 2018",Millions
The Crew Motorfest,crewmf,A festival-style open-world racer.,Racing,"PC, PS4, PS5, Xbox One, Xbox Series X/S",Ubisoft,"Sep 14, 2023",Millions
Trackmania (2020),trackmania2020,A competitive time-trial racing game.,Racing,PC,Ubisoft,"Jul 1, 2020",Millions
SnowRunner,snowrunner,A heavy-vehicle off-road simulation.,Simulation,"PC, PS4, PS5, Xbox One, Xbox Series X/S, Switch",Focus Entertainment,"Apr 28, 2020",10 million
MudRunner,mudrunner,An off-road trucking simulation.,Simulation,"PC, PS4, Xbox One, Switch",Focus Entertainment,"Oct 31, 2017",Millions
American Truck Simulator,ats,A realistic trucking simulation.,Simulation,PC,SCS Software,"Feb 2, 2016",Millions
Euro Truck Simulator 2,ets2,A European trucking simulation.,Simulation,PC,SCS Software,"Oct 19, 2012",13 million
Microsoft Flight Simulator (2020),msfs2020,A realistic global flight simulator.,Simulation,"PC, Xbox Series X/S",Xbox Game Studios,"Aug 18, 2020",Millions
Microsoft Flight Simulator (2024),msfs2024,A next-gen flight simulation experience.,Simulation,"PC, Xbox Series X/S",Xbox Game Studios,2024,TBA
No Man’s Sky,nms,A procedurally generated space exploration game.,Adventure,"PC, PS4, PS5, Xbox One, Xbox Series X/S, Switch",Hello Games,"Aug 9, 2016",Millions
Elite Dangerous,elite,A space exploration and trading sim.,Simulation,"PC, PS4, Xbox One",Frontier Developments,"Dec 16, 2014",Millions
Star Citizen,starcitizen,A massive in-development space sim.,Simulation,PC,Cloud Imperium Games,Ongoing,Millions
Kerbal Space Program,ksp,A spaceflight physics simulation.,Simulation,"PC, PS4, Xbox One",Private Division,"Apr 27, 2015",5 million
Kerbal Space Program 2,ksp2,A sequel expanding space engineering.,Simulation,PC,Private Division,"Feb 24, 2023",Thousands
Slime Rancher,slimerancher,A first-person farming adventure.,Simulation,"PC, PS4, Xbox One, Switch",Monomi Park,"Aug 1, 2017",6 million
Slime Rancher 2,slimerancher2,A colorful sequel.,Simulation,"PC, Xbox Series X/S",Monomi Park,"Sep 22, 2022",Millions
Subnautica,subnautica,An underwater survival adventure.,Survival,"PC, PS4, Xbox One, Switch",Unknown Worlds,"Jan 23, 2018",6 million
Subnautica: Below Zero,subzero,A standalone underwater survival sequel.,Survival,"PC, PS4, PS5, Xbox One, Xbox Series X/S, Switch",Unknown Worlds,"May 14, 2021",Millions
The Long Dark,longdark,A harsh winter survival game.,Survival,"PC, PS4, Xbox One, Switch",Hinterland,"Aug 1, 2017",5 million
Green Hell,greenhell,A jungle survival simulation.,Survival,"PC, PS4, PS5, Xbox One, Xbox Series X/S, Switch",Creepy Jar,"Sep 5, 2019",5 million
Raft,raft,A co-op ocean survival game.,Survival,PC,Redbeet Interactive,"Jun 20, 2022",Millions
Don’t Starve,dontstarve,A wilderness survival game.,Survival,"PC, PS4, Xbox One, Switch, Mobile",Klei Entertainment,"Apr 23, 2013",10 million
Don’t Starve Together,dst,A co-op survival experience.,Survival,"PC, PS4, Xbox One, Switch",Klei Entertainment,"Apr 21, 2016",15 million
Valheim,valheim,A Viking-themed survival game.,Survival,"PC, Xbox One, Xbox Series X/S",Coffee Stain,"Feb 2, 2021",12 million
Conan Exiles,conanex,A barbarian-themed survival game.,Survival,"PC, PS4, Xbox One",Funcom,"May 8, 2018",10 million
7 Days to Die,7dtd,A zombie survival crafting game.,Survival,"PC, PS4, Xbox One",The Fun Pimps,"Dec 13, 2013",15 million
Project Zomboid,pz,A deep isometric zombie survival sim.,Survival,PC,The Indie Stone,"Nov 8, 2013",Millions
State of Decay,sod1,A zombie survival base‑management game.,Survival,"PC, Xbox 360, Xbox One",Xbox Game Studios,"Jun 5, 2013",5 million
State of Decay: Year-One Edition,sodyoe,Remastered edition.,Survival,"PC, Xbox One",Xbox Game Studios,"Apr 28, 2015",Millions
They Are Billions,tab,A steampunk zombie RTS.,RTS,"PC, PS4, Xbox One",Numantian Games,"Dec 13, 2017",Millions
Farthest Frontier,ffrontier,A medieval survival city-builder.,Simulation,PC,Crate Entertainment,"Aug 9, 2022",Millions
Against the Storm,ats,A roguelike city-builder.,Strategy,PC,Hooded Horse,"Dec 8, 2023",Millions
Timberborn,timberborn,A beaver‑based city-builder.,Simulation,PC,Mechanistry,"Sep 15, 2021",Millions
Manor Lords,manorlords,A medieval city-builder with battles.,Strategy,PC,Hooded Horse,2024,Millions 
Kingdoms and Castles,kac,A minimalist medieval city-builder.,Simulation,PC,Lion Shield,"Jul 20, 2017",Millions
Foundation,foundation,A gridless medieval city-builder.,Simulation,PC,Polymorph Games,"Feb 1, 2019",Millions
Surviving Mars,smars,A Mars colony simulation.,Simulation,"PC, PS4, Xbox One",Paradox Interactive,"Mar 15, 2018",Millions
Surviving the Aftermath,sta,A post-apocalyptic colony sim.,Simulation,"PC, PS4, Xbox One, Switch",Paradox Interactive,"Nov 16, 2021",Millions
Planet Zoo,pzoo,A detailed zoo management sim.,Simulation,PC,Frontier Developments,"Nov 5, 2019",3 million
Planet Coaster,pcoaster,A theme park building sim.,Simulation,"PC, PS4, PS5, Xbox One, Xbox Series X/S",Frontier Developments,"Nov 17, 2016",2 million
Jurassic World Evolution,jwe,A dinosaur park management sim.,Simulation,"PC, PS4, Xbox One",Frontier Developments,"Jun 12, 2018",3 million
Jurassic World Evolution 2,jwe2,A deeper dinosaur park sim.,Simulation,"PC, PS4, PS5, Xbox One, Xbox Series X/S",Frontier Developments,"Nov 9, 2021",Millions
Two Point Hospital,tph,A comedic hospital management sim.,Simulation,"PC, PS4, Xbox One, Switch",SEGA,"Aug 30, 2018",3 million
Two Point Campus,tpc,A comedic university management sim.,Simulation,"PC, PS4, PS5, Xbox One, Xbox Series X/S, Switch",SEGA,"Aug 9, 2022",Millions
Cities in Motion 2,cim2,A public transport management sim.,Simulation,PC,Paradox Interactive,"Apr 2, 2013",Millions
Transport Fever 2,tp2,A transport tycoon‑style sim.,Simulation,PC,Good Shepherd,"Dec 11, 2019",Millions
Railway Empire,railwayempire,A railway management sim.,Simulation,"PC, PS4, Xbox One, Switch",Kalypso,"Jan 26, 2018",Millions
Railway Empire 2,railwayempire2,A sequel with larger maps.,Simulation,"PC, PS5, Xbox Series X/S",Kalypso,"May 25, 2023",Thousands
Anno 1800,anno1800,A city-building strategy game.,Strategy,"PC, PS5, Xbox Series X/S",Ubisoft,"Apr 16, 2019",4 million
Anno 2205,anno2205,A futuristic city-builder.,Strategy,PC,Ubisoft,"Nov 3, 2015",Millions
Tropico 5,tropico5,A humorous dictatorship city-builder.,Simulation,"PC, PS4, Xbox One",Kalypso,"May 23, 2014",Millions
Tropico 6,tropico6,A modern island nation builder.,Simulation,"PC, PS4, PS5, Xbox One, Xbox Series X/S, Switch",Kalypso,"Mar 29, 2019",Millions
FIFA 21,fifa21,A football simulation game.,Sports,"PC, PS4, PS5, Xbox One, Xbox Series X/S, Switch",EA Sports,"Oct 9, 2020",31 million
FIFA 22,fifa22,A football simulation game.,Sports,"PC, PS4, PS5, Xbox One, Xbox Series X/S, Switch",EA Sports,"Oct 1, 2021",Millions
NBA 2K23,nba2k23,A basketball simulation game.,Sports,"PC, PS4, PS5, Xbox One, Xbox Series X/S, Switch",2K Games,"Sep 9, 2022",Millions
MLB The Show 23,mlb23,A baseball simulation game.,Sports,"PS4, PS5, Xbox One, Xbox Series X/S, Switch",Sony Interactive Entertainment,"Mar 28, 2023",Millions
WWE 2K23,wwe2k23,A wrestling simulation game.,Sports,"PC, PS4, PS5, Xbox One, Xbox Series X/S",2K Games,"Mar 17, 2023",Millions
UFC 5,ufc5,A mixed martial arts fighting game.,Sports,"PS5, Xbox Series X/S",EA Sports,"Oct 27, 2023",Millions
Skate 3,skate3,A skateboarding simulation.,Sports,"PS3, Xbox 360",Electronic Arts,"May 11, 2010",5 million
Session: Skate Sim,session,A realistic skateboarding sim.,Sports,"PC, PS4, PS5, Xbox One, Xbox Series X/S",Nacon,"Sep 22, 2022",Millions
Tony Hawk’s Pro Skater 1+2,thps12,A remaster of the classic skateboarding games.,Sports,"PC, PS4, PS5, Xbox One, Xbox Series X/S, Switch",Activision,"Sep 4, 2020",5 million
Riders Republic,ridersrep,A massive extreme sports playground.,Sports,"PC, PS4, PS5, Xbox One, Xbox Series X/S",Ubisoft,"Oct 28, 2021",Millions
Steep,steep,A winter extreme sports game.,Sports,"PC, PS4, Xbox One",Ubisoft,"Dec 2, 2016",Millions
The Golf Club 2019,golfclub2019,A realistic golf simulation.,Sports,"PC, PS4, Xbox One",2K Games,"Aug 28, 2018",Millions
PGA Tour 2K23,pga2k23,A modern golf simulation.,Sports,"PC, PS4, PS5, Xbox One, Xbox Series X/S",2K Games,"Oct 14, 2022",Millions
Cricket 22,cricket22,A cricket simulation game.,Sports,"PC, PS4, PS5, Xbox One, Xbox Series X/S, Switch",Big Ant Studios,"Nov 25, 2021",Millions
Football Manager 2023,fm23,A deep football management sim.,Simulation,"PC, PS5, Xbox One, Xbox Series X/S, Switch",SEGA,"Nov 8, 2022",Millions
Football Manager 2024,fm24,The latest football management entry.,Simulation,"PC, PS5, Xbox One, Xbox Series X/S, Switch",SEGA,"Nov 6, 2023",Millions
Madden NFL 23,madden23,American football simulation.,Sports,"PC, PS4, PS5, Xbox One, Xbox Series X/S",EA Sports,"Aug 19, 2022",Millions
NHL 23,nhl23,Ice hockey simulation.,Sports,"PS4, PS5, Xbox One, Xbox Series X/S",EA Sports,"Oct 14, 2022",Millions
WRC Generations,wrcgen,A rally racing simulation.,Racing,"PC, PS4, PS5, Xbox One, Xbox Series X/S, Switch",Nacon,"Nov 3, 2022",Millions
Dirt Rally 2.0,dirtrally2,A realistic rally racing game.,Racing,"PC, PS4, Xbox One",Codemasters,"Feb 26, 2019",Millions
Dirt 5,dirt5,A more arcade-style off-road racer.,Racing,"PC, PS4, PS5, Xbox One, Xbox Series X/S",Codemasters,"Nov 6, 2020",Millions
GRID (2019),grid2019,A competitive circuit racing game.,Racing,"PC, PS4, Xbox One, Stadia",Codemasters,"Oct 11, 2019",Millions
GRID Legends,gridlegends,A story-driven racing game.,Racing,"PC, PS4, PS5, Xbox One, Xbox Series X/S",Codemasters,"Feb 25, 2022",Millions
For Honor,forhonor,A melee-focused hero combat game.,Action,"PC, PS4, Xbox One",Ubisoft,"Feb 14, 2017",25 million players
Chivalry 2,chiv2,A large-scale medieval melee combat game.,Action,"PC, PS4, PS5, Xbox One, Xbox Series X/S",Tripwire,"Jun 8, 2021",2 million
Mordhau,mordhau,A medieval multiplayer slasher.,Action,"PC, PS4, PS5, Xbox One, Xbox Series X/S",Triternion,"Apr 29, 2019",5 million
Kingdom Come: Deliverance,kcd,A realistic medieval RPG.,RPG,"PC, PS4, Xbox One, Switch",Deep Silver,"Feb 13, 2018",5 million
Mount & Blade II: Bannerlord,bannerlord,A medieval sandbox strategy RPG.,RPG,"PC, PS4, PS5, Xbox One, Xbox Series X/S",TaleWorlds,"Oct 25, 2022",3 million
Mount & Blade: Warband,warband,A medieval sandbox RPG.,RPG,"PC, PS4, Xbox One",TaleWorlds,"Mar 30, 2010",Millions
GreedFall,greedfall,A fantasy colonial-era RPG.,RPG,"PC, PS4, PS5, Xbox One, Xbox Series X/S",Focus Entertainment,"Sep 10, 2019",2 million
ELEX,elex,A sci-fi/fantasy hybrid RPG.,RPG,"PC, PS4, Xbox One",THQ Nordic,"Oct 17, 2017",1 million
ELEX II,elex2,A sequel expanding the open world.,RPG,"PC, PS4, PS5, Xbox One, Xbox Series X/S",THQ Nordic,"Mar 1, 2022",Thousands
Biomutant,biomutant,A post-apocalyptic kung-fu RPG.,RPG,"PC, PS4, PS5, Xbox One, Xbox Series X/S, Switch",THQ Nordic,"May 25, 2021",1 million
GreedFall II: The Dying World,greedfall2,A prequel RPG.,RPG,"PC, PS5, Xbox Series X/S",Focus Entertainment,2024,TBA
Outward,outward,A hardcore co-op survival RPG.,RPG,"PC, PS4, Xbox One",Deep Silver,"Mar 26, 2019",1 million
Outward Definitive Edition,outwardde,Enhanced edition.,RPG,"PC, PS5, Xbox Series X/S",Deep Silver,"May 17, 2022",Thousands
The Ascent,ascent,A cyberpunk twin-stick shooter RPG.,Action RPG,"PC, PS4, PS5, Xbox One, Xbox Series X/S",Curve Games,"Jul 29, 2021",Millions
Ruined King: A League of Legends Story,ruinedking,A turn-based RPG set in Runeterra.,RPG,"PC, PS4, PS5, Xbox One, Xbox Series X/S, Switch",Riot Forge,"Nov 16, 2021",Millions
The Mageseeker,mageseeker,A 2D action RPG in the LoL universe.,Action RPG,"PC, PS4, PS5, Xbox One, Xbox Series X/S, Switch",Riot Forge,"Apr 18, 2023",Millions
Song of Nunu,songofnunu,A narrative adventure in the LoL universe.,Adventure,"PC, PS4, PS5, Xbox One, Xbox Series X/S, Switch",Riot Forge,"Nov 1, 2023",Thousands
Brawl Stars,brawlstars,A fast-paced mobile arena shooter.,Shooter,Mobile,Supercell,"Dec 12, 2018",300 million players
Clash Royale,clashroyale,A competitive card-based arena battler.,Strategy,Mobile,Supercell,"Mar 2, 2016",500 million players
Clash of Clans,clashofclans,A village-building strategy game.,Strategy,Mobile,Supercell,"Aug 2, 2012",4 billion revenue
PUBG Mobile,pubgm,A mobile battle royale shooter.,Battle Royale,Mobile,Tencent,"Feb 9, 2018",1 billion players
Call of Duty Mobile,codm,A mobile FPS with multiple modes.,FPS,Mobile,Activision,"Oct 1, 2019",650 million downloads
Genshin Impact Mobile,genshinm,Mobile version of the open-world RPG.,Action RPG,Mobile,HoYoverse,"Sep 28, 2020",70 million players
Honkai: Star Rail,hsr,A turn-based sci-fi RPG.,JRPG,"PC, PS5, Mobile",HoYoverse,"Apr 26, 2023",25 million
Honkai Impact 3rd,hi3,A fast-paced action RPG.,Action RPG,"PC, Mobile, PS4",HoYoverse,"Oct 14, 2016",Millions
Arknights,arknights,A tower-defense gacha RPG.,Strategy,Mobile,Yostar,"Jan 16, 2020",Millions
Blue Archive,bluearchive,A school-themed gacha RPG.,JRPG,Mobile,Nexon,"Feb 4, 2021",Millions
Nikke: Goddess of Victory,nikke,A third-person gacha shooter.,Shooter,Mobile,Shift Up,"Nov 4, 2022",25 million
AFK Arena,afkarena,A casual idle RPG.,RPG,Mobile,Lilith Games,"Apr 9, 2019",Millions
Mobile Legends: Bang Bang,mlbb,A mobile MOBA.,MOBA,Mobile,Moonton,"Jul 14, 2016",1 billion downloads
Arena of Valor,aov,A mobile MOBA.,MOBA,"Mobile, Switch",Tencent,"Oct 14, 2016",200 million
Wild Rift,wildrift,A mobile version of League of Legends.,MOBA,Mobile,Riot Games,"Oct 27, 2020",Millions
Diablo Immortal,diabloimm,A mobile ARPG.,Action RPG,"Mobile, PC",Blizzard,"Jun 2, 2022",30 million
Call of Duty: Black Ops Cold War,boCW,A Cold War-era FPS.,FPS,"PC, PS4, PS5, Xbox One, Xbox Series X/S",Activision,"Nov 13, 2020",30 million
Call of Duty: Vanguard,vanguard,A WWII FPS.,FPS,"PC, PS4, PS5, Xbox One, Xbox Series X/S",Activision,"Nov 5, 2021",Millions
Call of Duty: Modern Warfare II (2022),mw2_2022,A sequel to MW2019.,FPS,"PC, PS4, PS5, Xbox One, Xbox Series X/S",Activision,"Oct 28, 2022",30 million
Call of Duty: Modern Warfare III (2023),mw3_2023,A continuation of MW2.,FPS,"PC, PS4, PS5, Xbox One, Xbox Series X/S",Activision,"Nov 10, 2023",Millions
BattleBit Remastered,battlebit,A low-poly large-scale FPS.,FPS,PC,SgtOkiDoki,"Jun 15, 2023",2 million
Squad,squad,A realistic tactical FPS.,FPS,PC,Offworld Industries,"Sep 23, 2020",3 million
Insurgency: Sandstorm,sandstorm,A hardcore tactical FPS.,FPS,"PC, PS4, PS5, Xbox One, Xbox Series X/S",Focus Entertainment,"Dec 12, 2018",5 million
Ready or Not,ron,A SWAT tactical FPS.,FPS,PC,VOID Interactive,"Dec 13, 2023",Millions
Escape the Backrooms,etb,A co-op horror exploration game.,Horror,PC,Fancy Games,"Aug 11, 2022",Millions
Lethal Company,lethalco,A co-op horror scavenging game.,Horror,PC,Zeekerss,"Oct 23, 2023",10 million
The Finals,thefinals,A fast-paced destruction-focused FPS.,FPS,"PC, PS5, Xbox Series X/S",Embark Studios,"Dec 7, 2023",Millions
XDefiant,xdefiant,A fast-paced arena shooter.,FPS,"PC, PS5, Xbox Series X/S",Ubisoft,2024,Millions
The Cycle: Frontier,cyclefrontier,A PvPvE extraction shooter.,Shooter,PC,YAGER,"Jun 8, 2022",Millions
Huntdown,huntdown,A retro-style action shooter.,Action,"PC, PS4, Xbox One, Switch",Coffee Stain,"May 12, 2020",Millions
My Friend Pedro,mfp,A stylish acrobatic shooter.,Action,"PC, PS4, Xbox One, Switch",Devolver Digital,"Jun 20, 2019",Millions
Katana ZERO,katanazero,A fast-paced neo-noir action platformer.,Action,"PC, Switch, Xbox One",Devolver Digital,"Apr 18, 2019",Millions
Hotline Miami,hm1,A top-down ultraviolent action game.,Action,"PC, PS3, PS4, PS Vita, Switch",Devolver Digital,"Oct 23, 2012",Millions
Hotline Miami 2: Wrong Number,hm2,A sequel with expanded story.,Action,"PC, PS3, PS4, PS Vita, Switch",Devolver Digital,"Mar 10, 2015",Millions
Enter the Gungeon,etg,A bullet-hell roguelike.,Roguelike,"PC, PS4, Xbox One, Switch",Devolver Digital,"Apr 5, 2016",3 million
Exit the Gungeon,xtg,A follow-up arcade shooter.,Roguelike,"PC, Switch, Mobile",Devolver Digital,"Mar 17, 2020",Millions
Risk of Rain,ror1,A roguelike action platformer.,Roguelike,"PC, PS4, Xbox One, Switch",Gearbox,"Nov 8, 2013",Millions
Risk of Rain 2,ror2,A 3D roguelike shooter.,Roguelike,"PC, PS4, Xbox One, Switch",Gearbox,"Aug 11, 2020",4 million
Risk of Rain Returns,rorreturns,A remake of the original.,Roguelike,"PC, Switch",Gearbox,"Nov 8, 2023",Millions
Dead Island 2,deadisland2,A zombie action RPG.,Action,"PC, PS4, PS5, Xbox One, Xbox Series X/S",Deep Silver,"Apr 21, 2023",2 million
Dying Light,dyinglight,A parkour zombie action game.,Action,"PC, PS4, Xbox One, Switch",Techland,"Jan 27, 2015",20 million
Dying Light 2,dyinglight2,A sequel with a larger open world.,Action,"PC, PS4, PS5, Xbox One, Xbox Series X/S",Techland,"Feb 4, 2022",5 million
Shadow Warrior 2,sw2,A fast-paced FPS.,FPS,"PC, PS4, Xbox One",Devolver Digital,"Oct 13, 2016",Millions
Shadow Warrior 3,sw3,A linear action FPS.,FPS,"PC, PS4, PS5, Xbox One, Xbox Series X/S",Devolver Digital,"Mar 1, 2022",Millions
Serious Sam 4,ss4,A chaotic arena shooter.,FPS,"PC, PS5, Xbox Series X/S",Devolver Digital,"Sep 24, 2020",Millions
Serious Sam 3,ss3,A retro-style FPS.,FPS,"PC, PS3, Xbox 360",Devolver Digital,"Nov 22, 2011",Millions
Warhammer 40K: Space Marine,spacemarine,A third-person action shooter.,Action,"PC, PS3, Xbox 360",SEGA,"Sep 6, 2011",Millions
Warhammer 40K: Space Marine 2,spacemarine2,A modern sequel.,Action,"PC, PS5, Xbox Series X/S",Focus Entertainment,2024,TBA
Evil West,evilwest,A supernatural western action game.,Action,"PC, PS4, PS5, Xbox One, Xbox Series X/S",Focus Entertainment,"Nov 22, 2022",Millions
Remnant: From the Ashes – Subject 2923,remnantDLC,Expansion DLC.,Action,"PC, PS4, Xbox One",Gearbox,"Aug 20, 2020",Millions
Warframe: The New War,warframenw,Major story expansion.,Action,"PC, PS4, PS5, Xbox One, Xbox Series X/S, Switch",Digital Extremes,"Dec 15, 2021",Millions
Halo: The Master Chief Collection,haloMCC,Collection of Halo titles.,FPS,"PC, Xbox One, Xbox Series X/S",Microsoft,"Nov 11, 2014",20 million
Gears 5,gears5,A third-person sci-fi shooter.,Shooter,"PC, Xbox One, Xbox Series X/S",Xbox Game Studios,"Sep 10, 2019",Millions
Gears Tactics,gearstactics,A turn-based tactics game.,Tactical,"PC, Xbox One, Xbox Series X/S",Xbox Game Studios,"Apr 28, 2020",Millions
Gears of War 4,gears4,A sci-fi shooter.,Shooter,"PC, Xbox One",Xbox Game Studios,"Oct 11, 2016",Millions
Crusader Kings III: Royal Court,ck3rc,Major expansion.,Strategy,PC,Paradox Interactive,"Feb 8, 2022",Millions
Planet Zoo: Aquatic Pack,pzAquatic,Expansion DLC.,Simulation,PC,Frontier Developments,"Dec 8, 2020",Millions
Planet Zoo: Arctic Pack,pzArctic,Expansion DLC.,Simulation,PC,Frontier Developments,"Dec 17, 2019",Millions
Planet Zoo: Africa Pack,pzAfrica,Expansion DLC.,Simulation,PC,Frontier Developments,"Jun 22, 2021",Millions
Planet Coaster: Ghostbusters Pack,pcGhost,Expansion DLC.,Simulation,PC,Frontier Developments,"Jun 4, 2019",Millions
Planet Coaster: Adventure Pack,pcAdv,Expansion DLC.,Simulation,PC,Frontier Developments,"Dec 18, 2017",Millions
The Sims 4: Seasons,sims4seasons,Major expansion.,Simulation,"PC, PS4, Xbox One",Electronic Arts,"Jun 22, 2018",Millions
The Sims 4: Cats & Dogs,sims4catsdogs,Major expansion.,Simulation,"PC, PS4, Xbox One",Electronic Arts,"Nov 10, 2017",Millions
The Sims 4: Cottage Living,sims4cottage,Major expansion.,Simulation,"PC, PS4, Xbox One",Electronic Arts,"Jul 22, 2021",Millions
The Sims 4: Growing Together,sims4grow,Major expansion.,Simulation,"PC, PS4, Xbox One",Electronic Arts,"Mar 16, 2023",Millions
The Sims 4: Horse Ranch,sims4horse,Major expansion.,Simulation,"PC, PS4, Xbox One",Electronic Arts,"Jul 20, 2023",Millions
Forza Horizon 3,fh3,Open-world racing in Australia.,Racing,"PC, Xbox One",Xbox Game Studios,"Sep 27, 2016",10 million
Forza Motorsport 6,fm6,A realistic racing simulator.,Racing,Xbox One,Xbox Game Studios,"Sep 15, 2015",Millions
Assetto Corsa,ac,A realistic racing simulator.,Racing,"PC, PS4, Xbox One",Kunos Simulazioni,"Dec 19, 2014",Millions
Assetto Corsa Competizione,acc,GT racing simulator.,Racing,"PC, PS4, PS5, Xbox One, Xbox Series X/S",Kunos Simulazioni,"May 29, 2019",Millions
iRacing,iracing,A subscription-based racing sim.,Racing,PC,iRacing.com,"Aug 26, 2008",Millions
BeamNG.drive,beamng,A soft-body physics driving sim.,Simulation,PC,BeamNG,"May 29, 2015",Millions
Teardown: Art Vandals,teardownAV,Expansion DLC.,Sandbox,"PC, PS5, Xbox Series X/S",Tuxedo Labs,"Dec 15, 2023",Thousands
Hardspace: Shipbreaker,shipbreaker,A zero‑gravity salvage sim.,Simulation,"PC, PS5, Xbox Series X/S",Focus Entertainment,"May 24, 2022",Millions
SnowRunner: Season 9,snowrunnerS9,Expansion DLC.,Simulation,"PC, PS4, PS5, Xbox One, Xbox Series X/S, Switch",Focus Entertainment,"Feb 28, 2023",Thousands
Palworld,palworld,A creature‑collecting survival shooter.,Survival,"PC, Xbox One, Xbox Series X/S",Pocketpair,"Jan 19, 2024",25 million
Manor Lords (Early Access),manorlordsEA,A medieval city‑builder with battles.,Strategy,PC,Hooded Horse,"Apr 26, 2024",Millions
Hades II (Early Access),hades2EA,A sequel expanding the roguelike formula.,Roguelike,PC,Supergiant Games,2024,Millions
Senua’s Saga: Hellblade II,hellblade2,A cinematic psychological action game.,Action,"PC, Xbox Series X/S",Xbox Game Studios,"May 21, 2024",Millions
Stellar Blade,stellarblade,A stylish sci‑fi action RPG.,Action RPG,PS5,Sony Interactive Entertainment,2024,Millions
Black Myth: Wukong,wukong,A mythological action RPG.,Action RPG,"PC, PS5, Xbox Series X/S",Game Science,2024,Millions
Dragon’s Dogma 2,dd2,A large open‑world action RPG.,Action RPG,"PC, PS5, Xbox Series X/S",Capcom,"Mar 22, 2024",2 million
Alone in the Dark (2024),aitd2024,A modern survival horror reboot.,Horror,"PC, PS5, Xbox Series X/S",THQ Nordic,"Mar 20, 2024",Thousands
The Outlast Trials,outlasttrials,A co‑op survival horror game.,Horror,"PC, PS4, PS5, Xbox One, Xbox Series X/S",Red Barrels,"Mar 5, 2024",Millions
Ark: Survival Ascended (Console),arksaConsole,Next‑gen Ark remake.,Survival,"PS5, Xbox Series X/S",Studio Wildcard,2024,Millions
The First Descendant,firstdesc,A sci‑fi looter shooter.,Shooter,"PC, PS4, PS5, Xbox One, Xbox Series X/S",Nexon,2024,Millions
Blue Protocol,blueprotocol,An online anime action RPG.,Action RPG,"PC, PS5, Xbox Series X/S",Bandai Namco,2024,Millions
Zenless Zone Zero,zzz,A stylish urban action RPG.,Action RPG,"PC, PS5, Mobile",HoYoverse,2024,Millions
Marvel Rivals,marvelrivals,A hero‑based team shooter.,Shooter,PC,NetEase,2024,Millions
The Division Heartland,divisionHL,A free‑to‑play survival shooter.,Shooter,"PC, PS4, PS5, Xbox One, Xbox Series X/S",Ubisoft,2024,Millions
Concord,concord,A sci‑fi hero shooter.,Shooter,"PC, PS5",Sony Interactive Entertainment,2024,Millions
Avowed,avowed,A first‑person fantasy RPG.,RPG,"PC, Xbox Series X/S",Xbox Game Studios,2024,Millions
Fable (Reboot),fable2024,A modern reboot of the fantasy RPG.,RPG,"PC, Xbox Series X/S",Xbox Game Studios,2024,Millions
Metaphor: ReFantazio,metaphor,A fantasy JRPG from Atlus.,JRPG,"PC, PS4, PS5, Xbox Series X/S",Atlus,2024,Millions
Silent Hill 2 Remake,sh2remake,A modern remake of the classic horror game.,Horror,"PC, PS5",Konami,2024,Millions
Hollow Knight: Silksong (Final),silksongFinal,The long‑awaited sequel to Hollow Knight.,Metroidvania,"PC, PS5, Xbox Series X/S, Switch",Team Cherry,2025,Millions
